{
    "loss": 0.11501265317201614,
    "accuracy": 0.9482758641242981
}