{
    "loss": 0.2086520493030548,
    "accuracy": 0.9224137663841248
}