{
    "loss": 0.21006006002426147,
    "accuracy": 0.9482758641242981
}