{
    "loss": 0.20352379977703094,
    "accuracy": 0.9396551847457886
}