{
    "loss": 0.13567887246608734,
    "accuracy": 0.9568965435028076
}